[
    {
        "name": "djdj",
        "info": "jjj",
        "reward1": "",
        "reward2": "",
        "reward3": "",
        "start_time": "2025-05-30T00:53:13.818762+00:00",
        "started": false,
        "creator": {
            "id": 966933822522396722,
            "name": "curiouswonders"
        }
    },
    {
        "name": "djdj",
        "info": "djdj",
        "reward1": "none",
        "reward2": "",
        "reward3": "",
        "start_time": "2025-05-30T00:59:25.678749+00:00",
        "started": true,
        "creator": {
            "id": 966933822522396722,
            "name": "curiouswonders"
        }
    },
    {
        "name": "djj",
        "info": "j",
        "reward1": "",
        "reward2": "",
        "reward3": "",
        "start_time": "2025-06-09T00:59:01.943070+00:00",
        "started": true,
        "creator": {
            "id": 966933822522396722,
            "name": "curiouswonders"
        }
    },
    {
        "name": ":;$;$;",
        "info": ";&;&;;",
        "reward1": "",
        "reward2": "",
        "reward3": "",
        "start_time": "2025-05-30T03:10:18.040873+00:00",
        "started": true,
        "creator": {
            "id": 966933822522396722,
            "name": "curiouswonders"
        }
    },
    {
        "name": "Ant Life event",
        "info": "342423",
        "reward1": "100 protein",
        "reward2": "80 protein",
        "reward3": "50 protein",
        "start_time": "2025-05-30T01:18:53.625278+00:00",
        "started": true,
        "creator": {
            "id": 966933822522396722,
            "name": "curiouswonders"
        }
    },
    {
        "name": "djdj",
        "info": "djjd",
        "reward1": "djdjd",
        "reward2": "",
        "reward3": "",
        "start_time": "2025-05-30T02:18:04.426520+00:00",
        "started": true,
        "creator": {
            "id": 966933822522396722,
            "name": "curiouswonders"
        }
    },
    {
        "name": "djdjdj",
        "info": "djdjd",
        "reward1": "",
        "reward2": "",
        "reward3": "",
        "start_time": "2025-05-30T09:15:13.928155+00:00",
        "started": true,
        "creator": {
            "id": 966933822522396722,
            "name": "curiouswonders"
        }
    },
    {
        "name": "test",
        "info": "testing",
        "reward1": "",
        "reward2": "",
        "reward3": "",
        "start_time": "2025-06-01T21:53:36.540875+00:00",
        "started": true,
        "creator": {
            "id": 966933822522396722,
            "name": "curiouswonders"
        }
    },
    {
        "name": "ant life hide and seek",
        "info": "hide and seek event, 3 seekers rest are hiders, if caught you join the hiders",
        "reward1": "300 protein",
        "reward2": "200 protein",
        "reward3": "100 protein",
        "start_time": "2025-06-01T21:55:44.318662+00:00",
        "started": true,
        "creator": {
            "id": 966933822522396722,
            "name": "curiouswonders"
        }
    },
    {
        "name": "inh",
        "info": "uh",
        "reward1": "",
        "reward2": "",
        "reward3": "",
        "start_time": "2025-06-12T04:56:04.488208+00:00",
        "started": true,
        "creator": {
            "id": 966933822522396722,
            "name": "curiouswonders"
        }
    },
    {
        "name": "21312",
        "info": "213",
        "reward1": "",
        "reward2": "",
        "reward3": "",
        "start_time": "2025-06-12T06:57:18.683419+00:00",
        "started": true,
        "creator": {
            "id": 966933822522396722,
            "name": "curiouswonders"
        }
    },
    {
        "name": "213",
        "info": "132",
        "reward1": "",
        "reward2": "",
        "reward3": "",
        "start_time": "2025-06-12T07:18:25.550039+00:00",
        "started": true,
        "creator": {
            "id": 966933822522396722,
            "name": "curiouswonders"
        }
    },
    {
        "name": "123",
        "info": "123",
        "reward1": "",
        "reward2": "",
        "reward3": "",
        "start_time": "2025-06-12T07:18:39.238770+00:00",
        "started": true,
        "creator": {
            "id": 966933822522396722,
            "name": "curiouswonders"
        }
    },
    {
        "name": "213",
        "info": "312",
        "reward1": "",
        "reward2": "",
        "reward3": "",
        "start_time": "2025-06-12T07:19:01.695289+00:00",
        "started": true,
        "creator": {
            "id": 966933822522396722,
            "name": "curiouswonders"
        }
    },
    {
        "name": "213",
        "info": "312",
        "reward1": "",
        "reward2": "",
        "reward3": "",
        "start_time": "2025-06-12T07:19:40.814749+00:00",
        "started": true,
        "creator": {
            "id": 966933822522396722,
            "name": "curiouswonders"
        }
    },
    {
        "name": "21",
        "info": "q33rd",
        "reward1": "",
        "reward2": "",
        "reward3": "",
        "start_time": "2025-06-12T07:21:58.423815+00:00",
        "started": true,
        "creator": {
            "id": 966933822522396722,
            "name": "curiouswonders"
        }
    },
    {
        "name": "213",
        "info": "213",
        "reward1": "",
        "reward2": "",
        "reward3": "",
        "start_time": "2025-06-12T07:22:43.275910+00:00",
        "started": true,
        "creator": {
            "id": 966933822522396722,
            "name": "curiouswonders"
        }
    },
    {
        "name": "213",
        "info": "213",
        "reward1": "",
        "reward2": "",
        "reward3": "",
        "start_time": "2025-06-12T07:22:58.996884+00:00",
        "started": true,
        "creator": {
            "id": 966933822522396722,
            "name": "curiouswonders"
        }
    },
    {
        "name": "test of the system",
        "info": "test of the system",
        "reward1": "",
        "reward2": "",
        "reward3": "",
        "start_time": "2025-06-12T07:23:20.037288+00:00",
        "started": true,
        "creator": {
            "id": 966933822522396722,
            "name": "curiouswonders"
        }
    },
    {
        "name": "testing system 2",
        "info": "testing system 2",
        "reward1": "",
        "reward2": "",
        "reward3": "",
        "start_time": "2025-06-12T07:24:18.228423+00:00",
        "started": true,
        "creator": {
            "id": 966933822522396722,
            "name": "curiouswonders"
        }
    },
    {
        "name": "test",
        "info": "test",
        "reward1": "5",
        "reward2": "10",
        "reward3": "15",
        "participation_reward": "5",
        "start_time": "2025-06-15T02:11:40.217506+00:00",
        "started": true,
        "creator": {
            "id": 1277655936382668933,
            "name": "crewbar"
        }
    },
    {
        "name": "testing agaim",
        "info": "super cooil event",
        "reward1": "4",
        "reward2": "2",
        "reward3": "3",
        "participation_reward": "73",
        "start_time": "2025-06-14T22:10:55.692038+00:00",
        "started": true,
        "creator": {
            "id": 1277655936382668933,
            "name": "crewbar"
        }
    },
    {
        "name": "test",
        "info": "test",
        "reward1": "",
        "reward2": "",
        "reward3": "",
        "participation_reward": "",
        "start_time": "2025-06-15T00:24:17.613225+00:00",
        "started": true,
        "creator": {
            "id": 966933822522396722,
            "name": "curiouswonders"
        }
    },
    {
        "name": "test",
        "info": "test",
        "reward1": "",
        "reward2": "",
        "reward3": "",
        "participation_reward": "",
        "start_time": "2025-06-15T00:24:54.639995+00:00",
        "started": true,
        "creator": {
            "id": 966933822522396722,
            "name": "curiouswonders"
        }
    },
    {
        "name": "test",
        "info": "test",
        "reward1": "",
        "reward2": "",
        "reward3": "",
        "participation_reward": "",
        "start_time": "2025-06-15T00:25:18.049368+00:00",
        "started": true,
        "creator": {
            "id": 966933822522396722,
            "name": "curiouswonders"
        }
    },
    {
        "name": "test",
        "info": "test",
        "reward1": "",
        "reward2": "",
        "reward3": "",
        "participation_reward": "",
        "start_time": "2025-06-15T00:26:13.354292+00:00",
        "started": true,
        "creator": {
            "id": 966933822522396722,
            "name": "curiouswonders"
        }
    },
    {
        "name": "test",
        "info": "test",
        "reward1": "",
        "reward2": "",
        "reward3": "",
        "participation_reward": "",
        "start_time": "2025-06-15T01:50:32.290203+00:00",
        "started": true,
        "creator": {
            "id": 966933822522396722,
            "name": "curiouswonders"
        }
    },
    {
        "name": "test",
        "info": "test",
        "reward1": "",
        "reward2": "",
        "reward3": "",
        "participation_reward": "",
        "start_time": "2025-06-15T01:55:27.730791+00:00",
        "started": true,
        "creator": {
            "id": 966933822522396722,
            "name": "curiouswonders"
        }
    },
    {
        "name": "test",
        "info": "test",
        "reward1": "",
        "reward2": "",
        "reward3": "",
        "participation_reward": "",
        "start_time": "2025-06-15T02:05:27.414183+00:00",
        "started": true,
        "creator": {
            "id": 966933822522396722,
            "name": "curiouswonders"
        }
    },
    {
        "name": "test",
        "info": "test",
        "reward1": "",
        "reward2": "",
        "reward3": "",
        "participation_reward": "",
        "start_time": "2025-06-15T02:05:56.423501+00:00",
        "started": true,
        "creator": {
            "id": 966933822522396722,
            "name": "curiouswonders"
        }
    },
    {
        "name": "test",
        "info": "test",
        "reward1": "",
        "reward2": "",
        "reward3": "",
        "participation_reward": "",
        "start_time": "2025-06-15T02:09:38.948415+00:00",
        "started": true,
        "creator": {
            "id": 966933822522396722,
            "name": "curiouswonders"
        },
        "channel_id": 579437629859430410
    },
    {
        "name": "test",
        "info": "test",
        "reward1": "",
        "reward2": "",
        "reward3": "",
        "participation_reward": "",
        "start_time": "2025-06-15T02:10:10.441838+00:00",
        "started": true,
        "creator": {
            "id": 966933822522396722,
            "name": "curiouswonders"
        },
        "channel_id": 1092991161871900722
    },
    {
        "name": "test",
        "info": "test",
        "reward1": "",
        "reward2": "",
        "reward3": "",
        "participation_reward": "",
        "start_time": "2025-06-15T02:10:37.438891+00:00",
        "started": true,
        "creator": {
            "id": 966933822522396722,
            "name": "curiouswonders"
        },
        "channel_id": 1068860741916053564
    },
    {
        "name": "test",
        "info": "test",
        "reward1": "",
        "reward2": "",
        "reward3": "",
        "participation_reward": "",
        "start_time": "2025-06-15T02:17:35.420847+00:00",
        "started": true,
        "creator": {
            "id": 966933822522396722,
            "name": "curiouswonders"
        },
        "channel_id": 579437629859430410
    },
    {
        "name": "event test",
        "info": "event information things",
        "reward1": "5",
        "reward2": "10",
        "reward3": "15",
        "participation_reward": "5",
        "start_time": "2025-06-15T02:19:43.629645+00:00",
        "started": true,
        "creator": {
            "id": 1277655936382668933,
            "name": "crewbar"
        },
        "channel_id": 579437629859430410
    },
    {
        "name": "test 17 June test test test edit edit edit",
        "info": "27 June",
        "reward1": "test",
        "reward2": "test",
        "reward3": "test",
        "participation_reward": "test",
        "start_time": "2025-06-15T00:24:17.613225+00:00",
        "started": false,
        "creator": {
            "id": 966933822522396722,
            "name": "curiouswonders"
        },
        "channel_id": 1092991161871900722
    },
    {
        "name": "test",
        "info": "test",
        "reward1": "",
        "reward2": "",
        "reward3": "",
        "participation_reward": "",
        "start_time": "2025-06-15T00:24:17.613225+00:00",
        "started": false,
        "creator": {
            "id": 966933822522396722,
            "name": "curiouswonders"
        },
        "channel_id": 845476433542905907
    },
    {
        "name": "test",
        "info": "test",
        "reward1": "",
        "reward2": "",
        "reward3": "",
        "participation_reward": "",
        "start_time": "2025-06-15T00:24:17.613225+00:00",
        "started": false,
        "creator": {
            "id": 966933822522396722,
            "name": "curiouswonders"
        },
        "channel_id": 845476433542905907
    },
    {
        "name": "June 27th 4pm test edit test test test",
        "info": "June 27th 4pm test",
        "reward1": "",
        "reward2": "",
        "reward3": "",
        "participation_reward": "",
        "start_time": "2025-06-15T00:24:17.613225+00:00",
        "started": false,
        "creator": {
            "id": 966933822522396722,
            "name": "curiouswonders"
        },
        "channel_id": 579437629859430410
    },
    {
        "name": "test for rendering",
        "info": "test",
        "reward1": "",
        "reward2": "",
        "reward3": "",
        "participation_reward": "",
        "start_time": "2025-06-15T00:24:17.613225+00:00",
        "started": false,
        "creator": {
            "id": 966933822522396722,
            "name": "curiouswonders"
        },
        "channel_id": 579437629859430410
    },
    {
        "name": "213123123",
        "info": "123123213123123",
        "reward1": "",
        "reward2": "",
        "reward3": "",
        "participation_reward": "",
        "start_time": "2025-06-17T07:02:08.956008+00:00",
        "started": true,
        "creator": {
            "id": 966933822522396722,
            "name": "curiouswonders"
        },
        "channel_id": 579437629859430410
    },
    {
        "name": "123",
        "info": "123",
        "reward1": "",
        "reward2": "",
        "reward3": "",
        "participation_reward": "",
        "start_time": "2025-06-15T00:24:17.613225+00:00",
        "started": false,
        "creator": {
            "id": 966933822522396722,
            "name": "curiouswonders"
        },
        "channel_id": 579437629859430410
    },
    {
        "name": "test June 19th test yes edit",
        "info": "June 19th",
        "reward1": "",
        "reward2": "",
        "reward3": "",
        "participation_reward": "",
        "start_time": "2025-06-19T01:34:49.282174+00:00",
        "started": false,
        "creator": {
            "id": 966933822522396722,
            "name": "curiouswonders"
        },
        "channel_id": 845476433542905907
    },
    {
        "name": "test 19 edit test",
        "info": "19",
        "reward1": "",
        "reward2": "",
        "reward3": "",
        "participation_reward": "",
        "start_time": "2025-06-19T01:39:46.055424+00:00",
        "started": false,
        "creator": {
            "id": 966933822522396722,
            "name": "curiouswonders"
        },
        "channel_id": 845476433542905907
    },
    {
        "name": "test test edit test 2",
        "info": "test",
        "reward1": "",
        "reward2": "",
        "reward3": "",
        "participation_reward": "",
        "start_time": "2025-06-19T01:43:14.739508+00:00",
        "started": false,
        "creator": {
            "id": 966933822522396722,
            "name": "curiouswonders"
        },
        "channel_id": 845476433542905907
    },
    {
        "name": "test edit 1",
        "info": "test",
        "reward1": "",
        "reward2": "",
        "reward3": "",
        "participation_reward": "",
        "start_time": "2025-06-19T01:45:00.450283+00:00",
        "started": false,
        "creator": {
            "id": 966933822522396722,
            "name": "curiouswonders"
        },
        "channel_id": 845476433542905907
    },
    {
        "name": "test edit",
        "info": "test",
        "reward1": "",
        "reward2": "",
        "reward3": "",
        "participation_reward": "",
        "start_time": "2025-06-19T01:51:55.804343+00:00",
        "started": false,
        "creator": {
            "id": 966933822522396722,
            "name": "curiouswonders"
        },
        "channel_id": 845476433542905907
    },
    {
        "name": "test June 19th edit test",
        "info": "June 19th",
        "reward1": "",
        "reward2": "",
        "reward3": "",
        "participation_reward": "",
        "start_time": "2025-06-19T02:06:25.405066+00:00",
        "started": false,
        "creator": {
            "id": 966933822522396722,
            "name": "curiouswonders"
        },
        "channel_id": 845476433542905907
    },
    {
        "name": "test June 19 1 edit test",
        "info": "19 1 edit",
        "reward1": "",
        "reward2": "",
        "reward3": "",
        "participation_reward": "",
        "start_time": "2025-06-19T02:17:52.313698+00:00",
        "started": false,
        "creator": {
            "id": 966933822522396722,
            "name": "curiouswonders"
        },
        "channel_id": 845476433542905907
    },
    {
        "name": "test edit",
        "info": "test",
        "reward1": "",
        "reward2": "",
        "reward3": "",
        "participation_reward": "",
        "start_time": "2025-06-19T02:37:31.633851+00:00",
        "started": true,
        "creator": {
            "id": 966933822522396722,
            "name": "curiouswonders"
        },
        "channel_id": 845476433542905907
    },
    {
        "name": "June 27th Final Test edit 1",
        "info": "27th Final Test edited",
        "reward1": "",
        "reward2": "",
        "reward3": "",
        "participation_reward": "100",
        "start_time": "2025-06-19T02:39:53.983265+00:00",
        "started": true,
        "creator": {
            "id": 966933822522396722,
            "name": "curiouswonders"
        },
        "channel_id": 845476433542905907
    },
    {
        "name": "test for delete",
        "info": "delete test",
        "reward1": "",
        "reward2": "",
        "reward3": "",
        "participation_reward": "",
        "start_time": "2025-06-19T02:41:57.100607+00:00",
        "started": true,
        "creator": {
            "id": 966933822522396722,
            "name": "curiouswonders"
        },
        "channel_id": 845476433542905907
    },
    {
        "name": "test edit",
        "info": "test 2m",
        "reward1": "",
        "reward2": "",
        "reward3": "",
        "participation_reward": "",
        "start_time": "2025-06-19T02:50:53.097499+00:00",
        "started": false,
        "creator": {
            "id": 966933822522396722,
            "name": "curiouswonders"
        },
        "channel_id": 845476433542905907
    },
    {
        "name": "test for delete",
        "info": "test",
        "reward1": "",
        "reward2": "",
        "reward3": "",
        "participation_reward": "",
        "start_time": "2025-06-15T00:24:17.613225+00:00",
        "started": false,
        "creator": {
            "id": 966933822522396722,
            "name": "curiouswonders"
        },
        "channel_id": 845476433542905907
    },
    {
        "name": "test edit edit",
        "info": "2m",
        "reward1": "",
        "reward2": "",
        "reward3": "",
        "participation_reward": "",
        "start_time": "2025-06-19T02:57:49.822649+00:00",
        "started": true,
        "creator": {
            "id": 966933822522396722,
            "name": "curiouswonders"
        },
        "channel_id": 845476433542905907
    },
    {
        "name": "test delete",
        "info": "1m",
        "reward1": "",
        "reward2": "",
        "reward3": "",
        "participation_reward": "",
        "start_time": "2025-06-19T03:01:10.625026+00:00",
        "started": true,
        "creator": {
            "id": 966933822522396722,
            "name": "curiouswonders"
        },
        "channel_id": 845476433542905907
    },
    {
        "name": "test 1",
        "info": "test 1",
        "reward1": "",
        "reward2": "",
        "reward3": "",
        "participation_reward": "",
        "start_time": "2025-06-19T03:45:04.907142+00:00",
        "started": true,
        "creator": {
            "id": 966933822522396722,
            "name": "curiouswonders"
        },
        "channel_id": 845476433542905907
    },
    {
        "name": "test test",
        "info": "test",
        "reward1": "",
        "reward2": "",
        "reward3": "",
        "participation_reward": "",
        "start_time": "2025-06-19T03:52:05.937662+00:00",
        "started": true,
        "creator": {
            "id": 966933822522396722,
            "name": "curiouswonders"
        },
        "channel_id": 845476433542905907
    },
    {
        "name": "test 1 edti",
        "info": "test 1 edit",
        "reward1": "",
        "reward2": "",
        "reward3": "",
        "participation_reward": "",
        "start_time": "2025-06-19T04:10:44.293008+00:00",
        "started": false,
        "creator": {
            "id": 966933822522396722,
            "name": "curiouswonders"
        },
        "channel_id": 845476433542905907
    },
    {
        "name": "test 1 edit",
        "info": "test 1",
        "reward1": "",
        "reward2": "",
        "reward3": "",
        "participation_reward": "",
        "start_time": "2025-06-19T04:15:07.552653+00:00",
        "started": true,
        "creator": {
            "id": 966933822522396722,
            "name": "curiouswonders"
        },
        "channel_id": 845476433542905907
    },
    {
        "name": "test 2 edit",
        "info": "test 2",
        "reward1": "",
        "reward2": "",
        "reward3": "",
        "participation_reward": "",
        "start_time": "2025-06-19T04:20:15.318121+00:00",
        "started": false,
        "creator": {
            "id": 966933822522396722,
            "name": "curiouswonders"
        },
        "channel_id": 845476433542905907
    },
    {
        "name": "test 2",
        "info": "test",
        "reward1": "",
        "reward2": "",
        "reward3": "",
        "participation_reward": "",
        "start_time": "2025-06-19T04:22:58.809110+00:00",
        "started": true,
        "creator": {
            "id": 966933822522396722,
            "name": "curiouswonders"
        },
        "channel_id": 845476433542905907
    },
    {
        "name": "June 19th test edit test",
        "info": "19th edition",
        "reward1": "",
        "reward2": "",
        "reward3": "",
        "participation_reward": "50",
        "start_time": "2025-06-19T04:25:20.485896+00:00",
        "started": true,
        "creator": {
            "id": 966933822522396722,
            "name": "curiouswonders"
        },
        "channel_id": 845476433542905907
    },
    {
        "name": "test for delete",
        "info": "delete",
        "reward1": "",
        "reward2": "",
        "reward3": "",
        "participation_reward": "",
        "start_time": "2025-06-15T00:24:17.613225+00:00",
        "started": false,
        "creator": {
            "id": 966933822522396722,
            "name": "curiouswonders"
        },
        "channel_id": 845476433542905907
    },
    {
        "name": "test 277 edit",
        "info": "277",
        "reward1": "",
        "reward2": "",
        "reward3": "",
        "participation_reward": "",
        "start_time": "2025-06-19T04:32:32.180924+00:00",
        "started": true,
        "creator": {
            "id": 966933822522396722,
            "name": "curiouswonders"
        },
        "channel_id": 845476433542905907
    },
    {
        "name": "test for delete",
        "info": "delete",
        "reward1": "",
        "reward2": "",
        "reward3": "",
        "participation_reward": "",
        "start_time": "2025-06-19T04:35:13.497806+00:00",
        "started": true,
        "creator": {
            "id": 966933822522396722,
            "name": "curiouswonders"
        },
        "channel_id": 845476433542905907
    },
    {
        "name": "test 3",
        "info": "test",
        "reward1": "",
        "reward2": "",
        "reward3": "",
        "participation_reward": "",
        "start_time": "2025-06-19T04:48:31.340286+00:00",
        "started": true,
        "creator": {
            "id": 966933822522396722,
            "name": "curiouswonders"
        },
        "channel_id": 845476433542905907
    },
    {
        "name": "test 4",
        "info": "test 4",
        "reward1": "",
        "reward2": "",
        "reward3": "",
        "participation_reward": "",
        "start_time": "2025-06-19T04:54:36.623145+00:00",
        "started": true,
        "creator": {
            "id": 966933822522396722,
            "name": "curiouswonders"
        },
        "channel_id": 845476433542905907
    },
    {
        "name": "test",
        "info": "test delete",
        "reward1": "",
        "reward2": "",
        "reward3": "",
        "participation_reward": "",
        "start_time": "2025-06-19T04:57:10.770389+00:00",
        "started": true,
        "creator": {
            "id": 966933822522396722,
            "name": "curiouswonders"
        },
        "channel_id": 845476433542905907
    },
    {
        "name": "test delete",
        "info": "delete",
        "reward1": "",
        "reward2": "",
        "reward3": "",
        "participation_reward": "",
        "start_time": "2025-06-19T05:02:46.187015+00:00",
        "started": false,
        "creator": {
            "id": 966933822522396722,
            "name": "curiouswonders"
        },
        "channel_id": 845476433542905907
    },
    {
        "name": "test 4",
        "info": "636",
        "reward1": "",
        "reward2": "",
        "reward3": "",
        "participation_reward": "",
        "start_time": "2025-06-19T05:05:02.043927+00:00",
        "started": false,
        "creator": {
            "id": 966933822522396722,
            "name": "curiouswonders"
        },
        "channel_id": 845476433542905907
    },
    {
        "name": "test",
        "info": "tests",
        "reward1": "",
        "reward2": "",
        "reward3": "",
        "participation_reward": "",
        "start_time": "2000-01-01T00:00:00+00:00",
        "started": false,
        "creator": {
            "id": 966933822522396722,
            "name": "curiouswonders"
        },
        "channel_id": 845476433542905907
    },
    {
        "name": "test delete",
        "info": "delete",
        "reward1": "",
        "reward2": "",
        "reward3": "",
        "participation_reward": "",
        "start_time": "2000-01-01T00:00:00+00:00",
        "started": false,
        "creator": {
            "id": 966933822522396722,
            "name": "curiouswonders"
        },
        "channel_id": 845476433542905907
    },
    {
        "name": "testss edit",
        "info": "test 27 edit",
        "reward1": "",
        "reward2": "",
        "reward3": "",
        "participation_reward": "100",
        "start_time": "2025-06-19T05:09:42.799422+00:00",
        "started": true,
        "creator": {
            "id": 966933822522396722,
            "name": "curiouswonders"
        },
        "channel_id": 845476433542905907
    },
    {
        "name": "test today",
        "info": "test",
        "reward1": "",
        "reward2": "",
        "reward3": "",
        "participation_reward": "",
        "start_time": "2000-01-01T00:00:00+00:00",
        "started": false,
        "creator": {
            "id": 966933822522396722,
            "name": "curiouswonders"
        },
        "channel_id": 845476433542905907
    },
    {
        "name": "tst of the editing",
        "info": "test edit",
        "reward1": "",
        "reward2": "",
        "reward3": "",
        "participation_reward": "50",
        "start_time": "2025-06-19T05:45:50.469085+00:00",
        "started": true,
        "creator": {
            "id": 966933822522396722,
            "name": "curiouswonders"
        },
        "channel_id": 845476433542905907
    },
    {
        "name": "Affirm edit Yes",
        "info": "This is for upper event",
        "reward1": "",
        "reward2": "",
        "reward3": "",
        "participation_reward": "",
        "start_time": "2025-07-19T23:26:58.447442+00:00",
        "started": true,
        "creator": {
            "id": 739237176109170689,
            "name": "hakakatyt"
        },
        "channel_id": 1068860741916053564
    },
    {
        "name": "test October 7",
        "info": "Test",
        "reward1": "",
        "reward2": "",
        "reward3": "",
        "participation_reward": "",
        "start_time": "2000-01-01T00:00:00+00:00",
        "started": false,
        "creator": {
            "id": 966933822522396722,
            "name": "curiouswonders"
        },
        "channel_id": 845476433542905907
    },
    {
        "name": "12312",
        "info": "123",
        "reward1": "100",
        "reward2": "80",
        "reward3": "60",
        "participation_reward": "100",
        "start_time": "2000-01-01T00:00:00+00:00",
        "started": false,
        "creator": {
            "id": 966933822522396722,
            "name": "curiouswonders"
        },
        "channel_id": 845476433542905907
    },
    {
        "name": "test",
        "info": "test`",
        "reward1": "",
        "reward2": "",
        "reward3": "",
        "participation_reward": "",
        "start_time": "2025-11-12T00:57:00.312492+00:00",
        "started": true,
        "creator": {
            "id": 966933822522396722,
            "name": "curiouswonders"
        },
        "channel_id": 845476433542905907
    }
]