{
  "2025-11": [
    {
      "range": "1-7 November 2025",
      "slots": [
        null,
        null
      ]
    },
    {
      "range": "8-14 November 2025",
      "slots": [
        null,
        null
      ]
    },
    {
      "range": "15-21 November 2025",
      "slots": [
        null,
        null
      ]
    },
    {
      "range": "22-30 November 2025",
      "slots": [
        null,
        null
      ]
    }
  ],
  "2025-12": [
    {
      "range": "1-7 December 2025",
      "slots": [
        null,
        null
      ]
    },
    {
      "range": "8-14 December 2025",
      "slots": [
        null,
        null
      ]
    },
    {
      "range": "15-21 December 2025",
      "slots": [
        null,
        null
      ]
    },
    {
      "range": "22-31 December 2025",
      "slots": [
        null,
        null
      ]
    }
  ]
}